{
    "era_2016preVFP": {
        "mean": 0.15617250673854446,
        "std": 0.363018807884032
    },
    "era_2016postVFP": {
        "mean": 0.1450134770889488,
        "std": 0.3521144253669845
    },
    "era_2017": {
        "mean": 0.3250134770889488,
        "std": 0.46837988513545303
    },
    "era_2018": {
        "mean": 0.3738005390835579,
        "std": 0.48381163283286127
    },
    "pt_3": {
        "mean": 50.22512550775574,
        "std": 36.83493609955723
    },
    "decaymode_3": {
        "mean": 3.5182749326145553,
        "std": 4.32080970248158
    },
    "eta_3": {
        "mean": -0.0037609008320097655,
        "std": 1.045952507176788
    },
    "phi_3": {
        "mean": -0.00047465580573300466,
        "std": 1.8151152713588594
    },
    "deltaR_13": {
        "mean": 2.316452627536082,
        "std": 0.7971958585686617
    },
    "deltaR_23": {
        "mean": 1.9937898608612215,
        "std": 0.8394314672064623
    },
    "pt_1": {
        "mean": 76.99682003031522,
        "std": 52.02149193473852
    },
    "eta_1": {
        "mean": -0.0002798371422644253,
        "std": 1.07363946537726
    },
    "phi_1": {
        "mean": -0.0012412878911128905,
        "std": 1.8061052115100604
    },
    "pt_2": {
        "mean": 33.301634245150176,
        "std": 20.39880009769041
    },
    "eta_2": {
        "mean": 0.004249152504610565,
        "std": 1.1601731737149705
    },
    "phi_2": {
        "mean": 0.00844519171753341,
        "std": 1.8122442209711538
    },
    "m_vis": {
        "mean": 62.87338902394084,
        "std": 33.274420055055074
    },
    "Lt": {
        "mean": 160.52357982954246,
        "std": 82.55572519214135
    },
    "met": {
        "mean": 60.44875914440282,
        "std": 49.5180973857488
    },
    "m_tt": {
        "mean": 106.25602732197615,
        "std": 56.233769706974
    },
    "mjj": {
        "mean": 113.6925023305641,
        "std": 182.94231824026616
    },
    "mt_1": {
        "mean": 90.88624527267078,
        "std": 75.28707323707698
    },
    "mt_2": {
        "mean": 41.60610196094836,
        "std": 35.84569090674901
    },
    "mt_3": {
        "mean": 61.44611372585554,
        "std": 56.051875961623445
    },
    "pt_vis": {
        "mean": 58.82003033710538,
        "std": 47.04777874815232
    },
    "pt_W": {
        "mean": 110.00512000433518,
        "std": 83.46192912666353
    },
    "metphi": {
        "mean": 0.005954477817091257,
        "std": 1.8256567308569416
    }
}