{
    "era_2016preVFP": {
        "mean": 0.16412996910866084,
        "std": 0.37039346963607617
    },
    "era_2016postVFP": {
        "mean": 0.16595639135042503,
        "std": 0.3720414862893245
    },
    "era_2017": {
        "mean": 0.3317549437416853,
        "std": 0.4708434995246685
    },
    "era_2018": {
        "mean": 0.33815869579922886,
        "std": 0.4730828598190737
    },
    "eta_1": {
        "mean": -0.0027867962240160768,
        "std": 1.0413012174228842
    },
    "eta_2": {
        "mean": -0.0025733821941590256,
        "std": 1.1427031141275354
    },
    "eta_3": {
        "mean": -0.0017816449491098695,
        "std": 1.0454322521962198
    },
    "jpt_1": {
        "mean": 101.34434791347667,
        "std": 70.0640895127847
    },
    "jpt_2": {
        "mean": 42.68955415301953,
        "std": 48.13579005315523
    },
    "mt_1": {
        "mean": 86.8933588853472,
        "std": 74.64433220417983
    },
    "mt_2": {
        "mean": 35.831197399925706,
        "std": 33.87530918067667
    },
    "mt_3": {
        "mean": 52.48623673642676,
        "std": 47.315511086646964
    },
    "pt_123met": {
        "mean": 72.09739136419739,
        "std": 64.9599707512855
    },
    "deltaR_12": {
        "mean": 2.3138362197247635,
        "std": 0.8112940807753669
    },
    "deltaR_13": {
        "mean": 2.299720488699849,
        "std": 0.7876118584373472
    },
    "deltaR_23": {
        "mean": 2.0648869127428258,
        "std": 0.7784761457957875
    },
    "pt_1": {
        "mean": 74.72740388812738,
        "std": 48.75666702100981
    },
    "pt_2": {
        "mean": 33.20711181316949,
        "std": 20.55166217983736
    },
    "pt_3": {
        "mean": 46.708041849011416,
        "std": 32.89018951777203
    },
    "njets": {
        "mean": 2.0979277999503934,
        "std": 1.0721949498696364
    },
    "met": {
        "mean": 54.390920925814626,
        "std": 45.142092172293474
    },
    "m_vis": {
        "mean": 63.185957139889176,
        "std": 32.99861369766651
    },
    "Lt": {
        "mean": 154.64255759432666,
        "std": 77.03410979634617
    },
    "pt_W": {
        "mean": 99.74200550098035,
        "std": 73.24549988287143
    },
    "pt_vis": {
        "mean": 54.70910149984494,
        "std": 43.1609573398294
    },
    "m_tt": {
        "mean": 106.78426742807456,
        "std": 55.76765708095269
    }
}