{
    "era_2016preVFP": {
        "mean": 0.16502884962134873,
        "std": 0.37120658455097877
    },
    "era_2016postVFP": {
        "mean": 0.1652542372881356,
        "std": 0.3714098468625356
    },
    "era_2017": {
        "mean": 0.3281869816083664,
        "std": 0.4695532842086787
    },
    "era_2018": {
        "mean": 0.3415299314821493,
        "std": 0.4742227718951798
    },
    "eta_1": {
        "mean": -0.010991360754156845,
        "std": 1.045525767211538
    },
    "eta_2": {
        "mean": -0.002988865599456034,
        "std": 1.1471168605203659
    },
    "eta_3": {
        "mean": -0.00043336852942988025,
        "std": 1.0498754641776713
    },
    "jpt_1": {
        "mean": 101.7250832137415,
        "std": 70.85639256043434
    },
    "jpt_2": {
        "mean": 42.65754238642642,
        "std": 48.57568517898657
    },
    "mt_1": {
        "mean": 87.47551597842616,
        "std": 75.57790566263026
    },
    "mt_2": {
        "mean": 35.826639266266426,
        "std": 34.11010582998773
    },
    "mt_3": {
        "mean": 52.82164630345316,
        "std": 48.126540739688224
    },
    "pt_123met": {
        "mean": 71.95308039585929,
        "std": 65.11536503890161
    },
    "deltaR_12": {
        "mean": 2.318661528923292,
        "std": 0.817853117204991
    },
    "deltaR_13": {
        "mean": 2.3043571256565953,
        "std": 0.7857316486416397
    },
    "deltaR_23": {
        "mean": 2.054841087181947,
        "std": 0.7771615605470642
    },
    "pt_1": {
        "mean": 75.27719406625057,
        "std": 49.44374000861701
    },
    "pt_2": {
        "mean": 33.27443598260787,
        "std": 20.83274888182238
    },
    "pt_3": {
        "mean": 46.97543061488895,
        "std": 34.07653389724516
    },
    "njets": {
        "mean": 2.088374504147133,
        "std": 1.0601764550238952
    },
    "met": {
        "mean": 54.57341452562571,
        "std": 45.33863520074684
    },
    "m_vis": {
        "mean": 63.00712355209351,
        "std": 31.935906715121067
    },
    "Lt": {
        "mean": 155.52706065738496,
        "std": 78.65990000274522
    },
    "pt_W": {
        "mean": 100.49382400447742,
        "std": 74.5708336753304
    },
    "pt_vis": {
        "mean": 55.22352808691444,
        "std": 44.21823774149917
    },
    "m_tt": {
        "mean": 106.4820386684633,
        "std": 53.971682280518706
    }
}