{
    "era_2016preVFP": {
        "mean": 0.15697799827437445,
        "std": 0.3637800246469629
    },
    "era_2016postVFP": {
        "mean": 0.143065142364107,
        "std": 0.35013926858386624
    },
    "era_2017": {
        "mean": 0.32301553062985333,
        "std": 0.46762858937597857
    },
    "era_2018": {
        "mean": 0.37694132873166525,
        "std": 0.4846200196294742
    },
    "pt_3": {
        "mean": 50.49783271895697,
        "std": 37.32373479710864
    },
    "decaymode_3": {
        "mean": 3.5215703192407246,
        "std": 4.329824209988643
    },
    "eta_3": {
        "mean": 0.00010946601937823094,
        "std": 1.047051503142311
    },
    "phi_3": {
        "mean": -0.024571454128358157,
        "std": 1.808630923387187
    },
    "deltaR_13": {
        "mean": 2.323862716647301,
        "std": 0.7989168191081422
    },
    "deltaR_23": {
        "mean": 1.9974742262536114,
        "std": 0.838309188874402
    },
    "pt_1": {
        "mean": 77.52545724499318,
        "std": 52.367452146492575
    },
    "eta_1": {
        "mean": -0.00911676970682556,
        "std": 1.0837574543106332
    },
    "phi_1": {
        "mean": -0.009556663964896739,
        "std": 1.8177376145694029
    },
    "pt_2": {
        "mean": 33.62129366809279,
        "std": 22.145500935571178
    },
    "eta_2": {
        "mean": -0.006296502296090435,
        "std": 1.1675396943746041
    },
    "phi_2": {
        "mean": -0.003338152910739415,
        "std": 1.8121061721008922
    },
    "m_vis": {
        "mean": 63.2784576692375,
        "std": 34.08016599665642
    },
    "Lt": {
        "mean": 161.64458366608804,
        "std": 84.33807591554545
    },
    "met": {
        "mean": 59.44464269785228,
        "std": 48.93596487255343
    },
    "m_tt": {
        "mean": 106.940593321066,
        "std": 57.595480373089146
    },
    "mjj": {
        "mean": 111.82774256867927,
        "std": 184.42907242233034
    },
    "mt_1": {
        "mean": 90.63064521787085,
        "std": 75.81119209411203
    },
    "mt_2": {
        "mean": 41.489730468378404,
        "std": 36.43988352825316
    },
    "mt_3": {
        "mean": 61.87895364464548,
        "std": 58.64270008795491
    },
    "pt_vis": {
        "mean": 59.254408031706866,
        "std": 48.237150130741554
    },
    "pt_W": {
        "mean": 110.54896107020951,
        "std": 84.26311276264616
    },
    "metphi": {
        "mean": 0.019389329683349877,
        "std": 1.8283028318212045
    }
}