{
    "era_2016preVFP": {
        "mean": 0.137404797089917,
        "std": 0.3442741913454968
    },
    "era_2016postVFP": {
        "mean": 0.12882232579288394,
        "std": 0.3350031853135071
    },
    "era_2017": {
        "mean": 0.33286915994088895,
        "std": 0.4712401535322896
    },
    "era_2018": {
        "mean": 0.4009037171763101,
        "std": 0.49008155110198476
    },
    "pt_3": {
        "mean": 34.94167102709865,
        "std": 17.361749710079803
    },
    "decaymode_3": {
        "mean": 3.1936171422075708,
        "std": 4.163920878344252
    },
    "eta_3": {
        "mean": -0.0039806698001239385,
        "std": 1.0262868878249978
    },
    "phi_3": {
        "mean": -0.01226430214967757,
        "std": 1.817560970993752
    },
    "deltaR_13": {
        "mean": 2.243521340689527,
        "std": 0.7919782997218108
    },
    "deltaR_23": {
        "mean": 1.992357613119711,
        "std": 0.7597889481503102
    },
    "pt_1": {
        "mean": 78.67836482863379,
        "std": 50.303808845532316
    },
    "eta_1": {
        "mean": -0.0010168097947778263,
        "std": 1.0624806054871039
    },
    "phi_1": {
        "mean": -0.009215754515151484,
        "std": 1.8157499745649097
    },
    "pt_2": {
        "mean": 65.3218793887448,
        "std": 43.675356791724056
    },
    "eta_2": {
        "mean": -0.0019833841786166275,
        "std": 1.001784631234762
    },
    "phi_2": {
        "mean": -0.008258957160888538,
        "std": 1.8088894293978115
    },
    "m_vis": {
        "mean": 74.91043625659017,
        "std": 39.16184362080225
    },
    "Lt": {
        "mean": 178.94191521959738,
        "std": 87.83619791855881
    },
    "met": {
        "mean": 53.76343589998605,
        "std": 43.94599344117383
    },
    "m_tt": {
        "mean": 110.11834119728672,
        "std": 57.567910008297055
    },
    "mjj": {
        "mean": 114.22069066105017,
        "std": 180.88249451936326
    },
    "mt_1": {
        "mean": 81.3342325221542,
        "std": 63.53554888639167
    },
    "mt_2": {
        "mean": 69.08465500910663,
        "std": 67.69701188499097
    },
    "mt_3": {
        "mean": 45.196582274375466,
        "std": 40.22534103544944
    },
    "pt_vis": {
        "mean": 70.02163220363768,
        "std": 56.384632656649494
    },
    "pt_W": {
        "mean": 111.7469984543807,
        "std": 82.84311825952294
    },
    "metphi": {
        "mean": 0.019395287672772883,
        "std": 1.8164817554182273
    },
    "pt_123met": {
        "mean": 66.74835014080455,
        "std": 66.61739293156991
    }
}