{
    "era_2016preVFP": {
        "mean": 0.14949114752526282,
        "std": 0.35657193430897355
    },
    "era_2016postVFP": {
        "mean": 0.1437133644198842,
        "std": 0.3507988502076393
    },
    "era_2017": {
        "mean": 0.32766742984548625,
        "std": 0.4693628503236484
    },
    "era_2018": {
        "mean": 0.37912805820936674,
        "std": 0.48517004615676934
    },
    "eta_1": {
        "mean": 0.0001432200954022236,
        "std": 1.0469561522320403
    },
    "eta_2": {
        "mean": 0.00013924769836335608,
        "std": 1.0097630873296237
    },
    "eta_3": {
        "mean": -0.0018802075535346557,
        "std": 1.031565454445018
    },
    "jpt_1": {
        "mean": 99.815685109108,
        "std": 67.87195707191457
    },
    "jpt_2": {
        "mean": 37.47157237649874,
        "std": 45.88743091511702
    },
    "mt_1": {
        "mean": 82.85361071498278,
        "std": 66.52722321860813
    },
    "mt_2": {
        "mean": 61.27350777694797,
        "std": 60.5975551060983
    },
    "mt_3": {
        "mean": 40.64071071424141,
        "std": 36.44293494711082
    },
    "pt_123met": {
        "mean": 65.23160304519502,
        "std": 60.02178275658608
    },
    "deltaR_12": {
        "mean": 2.5042401642082774,
        "std": 0.718572131229314
    },
    "deltaR_13": {
        "mean": 2.2526924328415734,
        "std": 0.7801225582478521
    },
    "deltaR_23": {
        "mean": 2.0196404492809488,
        "std": 0.753342232680519
    },
    "pt_1": {
        "mean": 79.73598035011216,
        "std": 49.775107496834465
    },
    "pt_2": {
        "mean": 62.172561198113236,
        "std": 40.96603656569124
    },
    "pt_3": {
        "mean": 33.66521586925758,
        "std": 16.018870066492475
    },
    "njets": {
        "mean": 1.9923402418997158,
        "std": 1.038025952112449
    },
    "met": {
        "mean": 49.90903459431258,
        "std": 41.30654949059999
    },
    "m_vis": {
        "mean": 72.03582404807372,
        "std": 34.899543363350524
    },
    "Lt": {
        "mean": 175.57375742573672,
        "std": 85.50389629265271
    },
    "pt_W": {
        "mean": 105.92685039569282,
        "std": 76.84970700662609
    },
    "pt_vis": {
        "mean": 66.03459586657137,
        "std": 54.26986152194922
    },
    "m_tt": {
        "mean": 105.89266125227563,
        "std": 51.30232874044052
    }
}