{
    "era_2016preVFP": {
        "mean": 0.13898130090627508,
        "std": 0.34592701384059976
    },
    "era_2016postVFP": {
        "mean": 0.1286853275209361,
        "std": 0.3348513311930617
    },
    "era_2017": {
        "mean": 0.32795112997590914,
        "std": 0.46946691717674155
    },
    "era_2018": {
        "mean": 0.4043822415968797,
        "std": 0.49077208995414817
    },
    "pt_3": {
        "mean": 34.998806298373964,
        "std": 17.725334590312976
    },
    "decaymode_3": {
        "mean": 3.1768957210049327,
        "std": 4.148399083871955
    },
    "eta_3": {
        "mean": -0.004234120786084048,
        "std": 1.0253021336542936
    },
    "phi_3": {
        "mean": -0.03172420551604028,
        "std": 1.803876283348048
    },
    "deltaR_13": {
        "mean": 2.231213273567716,
        "std": 0.7870731813995661
    },
    "deltaR_23": {
        "mean": 1.9918576752382557,
        "std": 0.7571617147289689
    },
    "pt_1": {
        "mean": 78.69366699016133,
        "std": 49.534904582613684
    },
    "eta_1": {
        "mean": -0.011181625859369104,
        "std": 1.0724269971285472
    },
    "phi_1": {
        "mean": -0.0008823078365463777,
        "std": 1.8169517709430525
    },
    "pt_2": {
        "mean": 65.23087671703738,
        "std": 42.9089324326044
    },
    "eta_2": {
        "mean": -0.010976353046484612,
        "std": 1.0065499528475357
    },
    "phi_2": {
        "mean": -0.016991261790062193,
        "std": 1.809327845854371
    },
    "m_vis": {
        "mean": 74.72681067221562,
        "std": 38.86846425287516
    },
    "Lt": {
        "mean": 178.9233500362605,
        "std": 87.3584864077712
    },
    "met": {
        "mean": 53.36213948381613,
        "std": 43.186804414620084
    },
    "m_tt": {
        "mean": 109.84841161071263,
        "std": 57.13664246486517
    },
    "mjj": {
        "mean": 112.13735204269761,
        "std": 179.74230471695557
    },
    "mt_1": {
        "mean": 80.50957949683601,
        "std": 62.80627740903717
    },
    "mt_2": {
        "mean": 69.65092867450693,
        "std": 67.88659042570268
    },
    "mt_3": {
        "mean": 45.094140732454996,
        "std": 40.08036124515507
    },
    "pt_vis": {
        "mean": 70.02951529272498,
        "std": 56.15119446225969
    },
    "pt_W": {
        "mean": 112.08152816892486,
        "std": 82.69470895097935
    },
    "metphi": {
        "mean": 0.03653030880471582,
        "std": 1.8172945726986292
    },
    "pt_123met": {
        "mean": 66.17212856219827,
        "std": 65.11832313915282
    }
}