{
    "era_2016preVFP": {
        "mean": 0.1495963521301298,
        "std": 0.3566753195267203
    },
    "era_2016postVFP": {
        "mean": 0.14484401506310382,
        "std": 0.35194349882261383
    },
    "era_2017": {
        "mean": 0.32645547842198347,
        "std": 0.46891608954082326
    },
    "era_2018": {
        "mean": 0.3791041543847829,
        "std": 0.4851640902962437
    },
    "eta_1": {
        "mean": -0.006600436718845317,
        "std": 1.053466273664659
    },
    "eta_2": {
        "mean": -0.0069135055061805015,
        "std": 1.0116941946259943
    },
    "eta_3": {
        "mean": -0.0028214438547111875,
        "std": 1.03340608775836
    },
    "jpt_1": {
        "mean": 100.09163380861325,
        "std": 68.22311893672412
    },
    "jpt_2": {
        "mean": 37.717314832127386,
        "std": 46.53508704979498
    },
    "mt_1": {
        "mean": 82.83805595834981,
        "std": 66.5044880492851
    },
    "mt_2": {
        "mean": 61.10710368148546,
        "std": 60.389519482351396
    },
    "mt_3": {
        "mean": 40.882966903812346,
        "std": 36.602207829802104
    },
    "pt_123met": {
        "mean": 65.1917603666967,
        "std": 59.803033811839875
    },
    "deltaR_12": {
        "mean": 2.509329017799473,
        "std": 0.7178032450164927
    },
    "deltaR_13": {
        "mean": 2.249205603215116,
        "std": 0.7809315249365055
    },
    "deltaR_23": {
        "mean": 2.0219881802398243,
        "std": 0.7537098364911006
    },
    "pt_1": {
        "mean": 79.8243272685611,
        "std": 49.9458901280465
    },
    "pt_2": {
        "mean": 62.10883653944277,
        "std": 40.61663762797627
    },
    "pt_3": {
        "mean": 33.76022456637366,
        "std": 16.183504416968855
    },
    "njets": {
        "mean": 1.9976418783161085,
        "std": 1.0308915169793318
    },
    "met": {
        "mean": 49.87560438675507,
        "std": 40.937488975953045
    },
    "m_vis": {
        "mean": 72.11679939320872,
        "std": 34.69051249495925
    },
    "Lt": {
        "mean": 175.69338837765906,
        "std": 85.76320651904128
    },
    "pt_W": {
        "mean": 105.96354298712431,
        "std": 76.88622010937495
    },
    "pt_vis": {
        "mean": 66.02149243691903,
        "std": 54.32275677028518
    },
    "m_tt": {
        "mean": 106.01169501915186,
        "std": 50.99505348959779
    }
}