{
    "era_2016preVFP": {
        "mean": 0.14278933917488135,
        "std": 0.34985789085410385
    },
    "era_2016postVFP": {
        "mean": 0.13114275282949983,
        "std": 0.33755641189259095
    },
    "era_2017": {
        "mean": 0.30894487039065355,
        "std": 0.4620583701762752
    },
    "era_2018": {
        "mean": 0.41712303760496533,
        "std": 0.49308357212968673
    },
    "pt_3": {
        "mean": 46.96600584431955,
        "std": 33.5393549335344
    },
    "decaymode_3": {
        "mean": 4.0240598758671045,
        "std": 4.526507641958146
    },
    "eta_3": {
        "mean": 0.009273158539087941,
        "std": 1.0730953495015663
    },
    "phi_3": {
        "mean": -0.035568075280265246,
        "std": 1.8061122712504973
    },
    "deltaR_13": {
        "mean": 2.3369114927433405,
        "std": 0.8007567316359319
    },
    "deltaR_23": {
        "mean": 1.8395127697713134,
        "std": 1.0295543897734638
    },
    "pt_1": {
        "mean": 66.94512557391486,
        "std": 47.41460377456459
    },
    "eta_1": {
        "mean": 0.012685413900715193,
        "std": 1.166277970195616
    },
    "phi_1": {
        "mean": 0.003655846884277625,
        "std": 1.8155424983838426
    },
    "pt_2": {
        "mean": 30.194744005896133,
        "std": 18.309909836738303
    },
    "eta_2": {
        "mean": -0.0007468728802203262,
        "std": 1.172118970493926
    },
    "phi_2": {
        "mean": -0.029993831446545976,
        "std": 1.8107926938886325
    },
    "m_vis": {
        "mean": 56.38222560245393,
        "std": 38.60636291027947
    },
    "Lt": {
        "mean": 144.10587542249408,
        "std": 76.24031236104528
    },
    "met": {
        "mean": 55.850112926906675,
        "std": 45.45903265092252
    },
    "m_tt": {
        "mean": 95.28596114002687,
        "std": 65.24475321114093
    },
    "mjj": {
        "mean": 103.24459609114894,
        "std": 177.03369849639722
    },
    "mt_1": {
        "mean": 76.36409969953856,
        "std": 66.62052325279228
    },
    "mt_2": {
        "mean": 44.27530163092804,
        "std": 35.49220751564127
    },
    "mt_3": {
        "mean": 59.72624421730653,
        "std": 53.57854394258623
    },
    "pt_vis": {
        "mean": 55.25931704804089,
        "std": 42.16491410897974
    },
    "pt_W": {
        "mean": 105.48243326093211,
        "std": 77.26849613478716
    },
    "metphi": {
        "mean": 0.008635179965012226,
        "std": 1.8147202921739807
    }
}