{
    "era_2016preVFP": {
        "mean": 0.15898744043506757,
        "std": 0.36566437373495037
    },
    "era_2016postVFP": {
        "mean": 0.15684398859187615,
        "std": 0.36365361518135303
    },
    "era_2017": {
        "mean": 0.32463552461426726,
        "std": 0.46823850842565984
    },
    "era_2018": {
        "mean": 0.359533046358789,
        "std": 0.47986355866512503
    },
    "eta_1": {
        "mean": -0.0030247115723956884,
        "std": 1.123364786431016
    },
    "eta_2": {
        "mean": -0.003853878105986349,
        "std": 1.1611817670785622
    },
    "eta_3": {
        "mean": -0.0019321913310971852,
        "std": 1.0580957914081104
    },
    "jpt_1": {
        "mean": 96.36311295347107,
        "std": 67.95219050664865
    },
    "jpt_2": {
        "mean": 39.88797051012352,
        "std": 46.648574340898826
    },
    "mt_1": {
        "mean": 80.49019629474898,
        "std": 70.92074009851157
    },
    "mt_2": {
        "mean": 36.22358204318695,
        "std": 33.39571650810513
    },
    "mt_3": {
        "mean": 52.16471881119988,
        "std": 45.91149872567193
    },
    "pt_123met": {
        "mean": 69.16657259706555,
        "std": 60.714949286633626
    },
    "deltaR_12": {
        "mean": 2.3048949688284988,
        "std": 0.8262267326184463
    },
    "deltaR_13": {
        "mean": 2.3073139604900295,
        "std": 0.7920019898737702
    },
    "deltaR_23": {
        "mean": 2.1037061428439214,
        "std": 0.775386295783372
    },
    "pt_1": {
        "mean": 69.40057903848034,
        "std": 46.71587807535167
    },
    "pt_2": {
        "mean": 31.727093494915543,
        "std": 19.244834884773603
    },
    "pt_3": {
        "mean": 45.99879659393998,
        "std": 31.760968023989115
    },
    "njets": {
        "mean": 2.0458450691750367,
        "std": 1.0577332094035619
    },
    "met": {
        "mean": 52.39540581069952,
        "std": 42.9238890143202
    },
    "m_vis": {
        "mean": 62.450574378857816,
        "std": 31.17587562574273
    },
    "Lt": {
        "mean": 147.1264691247849,
        "std": 73.78628684723023
    },
    "pt_W": {
        "mean": 95.91035922381037,
        "std": 70.53600444732714
    },
    "pt_vis": {
        "mean": 52.352548615051845,
        "std": 41.93430294692916
    },
    "m_tt": {
        "mean": 105.54147054785396,
        "std": 52.68722970625925
    }
}