{
    "era_2016preVFP": {
        "mean": 0.15502145017230468,
        "std": 0.36192513059855397
    },
    "era_2016postVFP": {
        "mean": 0.15904775300654053,
        "std": 0.36572061094517355
    },
    "era_2017": {
        "mean": 0.3186757155918138,
        "std": 0.4659629855298156
    },
    "era_2018": {
        "mean": 0.36725508122934103,
        "std": 0.48205682916080667
    },
    "eta_1": {
        "mean": -0.001053933524749678,
        "std": 1.1199125330737811
    },
    "eta_2": {
        "mean": -0.002569480177361684,
        "std": 1.1493990819007462
    },
    "eta_3": {
        "mean": 0.001109537493972782,
        "std": 1.059941162132256
    },
    "jpt_1": {
        "mean": 96.86662225500592,
        "std": 68.84491637238848
    },
    "jpt_2": {
        "mean": 39.79999707424068,
        "std": 46.55956993905242
    },
    "mt_1": {
        "mean": 80.82484213049172,
        "std": 71.46196477655567
    },
    "mt_2": {
        "mean": 36.243586789722606,
        "std": 33.14869625187376
    },
    "mt_3": {
        "mean": 52.199115405831364,
        "std": 46.0599155097953
    },
    "pt_123met": {
        "mean": 69.28639452796547,
        "std": 61.12998705225262
    },
    "deltaR_12": {
        "mean": 2.300654754176242,
        "std": 0.8245961461229062
    },
    "deltaR_13": {
        "mean": 2.3067417527705576,
        "std": 0.7902408367711373
    },
    "deltaR_23": {
        "mean": 2.1016661267327024,
        "std": 0.7748875876273454
    },
    "pt_1": {
        "mean": 69.66785753999835,
        "std": 47.132314139043
    },
    "pt_2": {
        "mean": 31.767298848528895,
        "std": 19.374517494648405
    },
    "pt_3": {
        "mean": 46.09271512590587,
        "std": 31.958444403975065
    },
    "njets": {
        "mean": 2.0550319994373725,
        "std": 1.0672722611883496
    },
    "met": {
        "mean": 52.50182882761522,
        "std": 43.55616339115702
    },
    "m_vis": {
        "mean": 62.447146900528985,
        "std": 31.232243401043714
    },
    "Lt": {
        "mean": 147.52787150407073,
        "std": 74.79043684417216
    },
    "pt_W": {
        "mean": 96.40029548991497,
        "std": 70.87154474367539
    },
    "pt_vis": {
        "mean": 52.536117430531,
        "std": 42.23536013276524
    },
    "m_tt": {
        "mean": 105.53567809452947,
        "std": 52.78249116525313
    }
}