{
    "era_2016preVFP": {
        "mean": 0.14342614923627858,
        "std": 0.35050690285860475
    },
    "era_2016postVFP": {
        "mean": 0.13081926478111525,
        "std": 0.3372025870945294
    },
    "era_2017": {
        "mean": 0.3153182781553753,
        "std": 0.464642509480681
    },
    "era_2018": {
        "mean": 0.4104363078272309,
        "std": 0.4919129445789992
    },
    "pt_3": {
        "mean": 46.883618175186264,
        "std": 33.048488595172245
    },
    "decaymode_3": {
        "mean": 4.0024848351969595,
        "std": 4.52631562177398
    },
    "eta_3": {
        "mean": 0.005133415305329364,
        "std": 1.0787590534518896
    },
    "phi_3": {
        "mean": -0.008354021395706847,
        "std": 1.8128228957409644
    },
    "deltaR_13": {
        "mean": 2.3445962765406883,
        "std": 0.8007583247872396
    },
    "deltaR_23": {
        "mean": 1.8248509819487155,
        "std": 1.0311140774281624
    },
    "pt_1": {
        "mean": 66.81685835212362,
        "std": 46.8229724496091
    },
    "eta_1": {
        "mean": 0.006778572249265545,
        "std": 1.1629525212301448
    },
    "phi_1": {
        "mean": -0.008154526045776673,
        "std": 1.8120213652669044
    },
    "pt_2": {
        "mean": 30.42632833175698,
        "std": 18.80480889712581
    },
    "eta_2": {
        "mean": 0.00447281732254625,
        "std": 1.1877995632145826
    },
    "phi_2": {
        "mean": -0.012146191261608002,
        "std": 1.8097697523291796
    },
    "m_vis": {
        "mean": 56.101014044833605,
        "std": 38.20764803095463
    },
    "Lt": {
        "mean": 144.12680481418153,
        "std": 75.97194706610381
    },
    "met": {
        "mean": 55.548376476266775,
        "std": 44.39242270319327
    },
    "m_tt": {
        "mean": 94.81071362477432,
        "std": 64.57092517479387
    },
    "mjj": {
        "mean": 104.40828388545594,
        "std": 182.34215575015637
    },
    "mt_1": {
        "mean": 76.50408487849822,
        "std": 65.58423589420971
    },
    "mt_2": {
        "mean": 44.17758749452064,
        "std": 36.1444018411783
    },
    "mt_3": {
        "mean": 59.710980066221914,
        "std": 52.424211870253416
    },
    "pt_vis": {
        "mean": 55.42351441710985,
        "std": 42.23662792722852
    },
    "pt_W": {
        "mean": 105.07455957918839,
        "std": 76.5955130687549
    },
    "metphi": {
        "mean": 0.014852054429333841,
        "std": 1.8153317553258315
    }
}