{
    "era_2016preVFP": {
        "mean": 0.14610102658236454,
        "std": 0.35320746964630256
    },
    "era_2016postVFP": {
        "mean": 0.13474743354408866,
        "std": 0.3414536025543881
    },
    "era_2017": {
        "mean": 0.32347542321027944,
        "std": 0.4678023875411605
    },
    "era_2018": {
        "mean": 0.3956761166632674,
        "std": 0.48899542673274954
    },
    "pt_3": {
        "mean": 48.73625821177061,
        "std": 35.4231261083135
    },
    "decaymode_3": {
        "mean": 2.9144401386905976,
        "std": 4.084196329553869
    },
    "eta_3": {
        "mean": 0.004077291131441027,
        "std": 1.0627522385535624
    },
    "phi_3": {
        "mean": -0.02498611156878785,
        "std": 1.807007335677106
    },
    "deltaR_13": {
        "mean": 2.3094085841100602,
        "std": 0.796603106700523
    },
    "deltaR_23": {
        "mean": 2.0304035457139613,
        "std": 0.8381350050429955
    },
    "pt_1": {
        "mean": 70.3985896310554,
        "std": 48.63576422642194
    },
    "eta_1": {
        "mean": 0.015496234533674769,
        "std": 1.1590699514956384
    },
    "phi_1": {
        "mean": 0.0075563781261768275,
        "std": 1.8169702481695313
    },
    "pt_2": {
        "mean": 31.51288135345597,
        "std": 19.26684690974666
    },
    "eta_2": {
        "mean": 0.004724402333691375,
        "std": 1.1767798712065394
    },
    "phi_2": {
        "mean": 0.00959266837742272,
        "std": 1.8183937327554522
    },
    "m_vis": {
        "mean": 61.94709704839845,
        "std": 32.896661116400914
    },
    "Lt": {
        "mean": 150.6477291709635,
        "std": 78.10099953436304
    },
    "met": {
        "mean": 58.38545162483034,
        "std": 46.109467341743354
    },
    "m_tt": {
        "mean": 104.69059385181697,
        "std": 55.5953571631175
    },
    "mjj": {
        "mean": 104.44443240105089,
        "std": 182.76802331321898
    },
    "mt_1": {
        "mean": 83.09169904210358,
        "std": 68.72708812003815
    },
    "mt_2": {
        "mean": 42.313371608466454,
        "std": 34.93619684550646
    },
    "mt_3": {
        "mean": 63.112070269378016,
        "std": 56.56803534459669
    },
    "pt_vis": {
        "mean": 55.69682800851535,
        "std": 44.85267132753849
    },
    "pt_W": {
        "mean": 106.65001736764994,
        "std": 79.37427441435123
    },
    "metphi": {
        "mean": 0.013954144527851379,
        "std": 1.8161636115254802
    }
}