{
    "era_2016preVFP": {
        "mean": 0.15500872497116322,
        "std": 0.36191300080817423
    },
    "era_2016postVFP": {
        "mean": 0.15715299754517761,
        "std": 0.3639449586238873
    },
    "era_2017": {
        "mean": 0.3268167164532253,
        "std": 0.46904962456008575
    },
    "era_2018": {
        "mean": 0.36102156103043387,
        "std": 0.4802967764846882
    },
    "eta_1": {
        "mean": 0.012329578804954715,
        "std": 1.120848144138141
    },
    "eta_2": {
        "mean": 0.006695046304216465,
        "std": 1.153658205808573
    },
    "eta_3": {
        "mean": 0.004683574745338853,
        "std": 1.059588086976443
    },
    "jpt_1": {
        "mean": 96.00121286509041,
        "std": 68.46668246854945
    },
    "jpt_2": {
        "mean": 39.50448325889592,
        "std": 46.85583899613743
    },
    "mt_1": {
        "mean": 81.30501086052205,
        "std": 70.58185416542878
    },
    "mt_2": {
        "mean": 34.89226307884856,
        "std": 32.432378320829834
    },
    "mt_3": {
        "mean": 52.33926520267094,
        "std": 46.781919452627164
    },
    "pt_123met": {
        "mean": 68.56368104767034,
        "std": 61.520374095770215
    },
    "deltaR_12": {
        "mean": 2.293547100283807,
        "std": 0.8278984189179172
    },
    "deltaR_13": {
        "mean": 2.309108105480877,
        "std": 0.7867699613725102
    },
    "deltaR_23": {
        "mean": 2.098280053443746,
        "std": 0.7721409920151213
    },
    "pt_1": {
        "mean": 69.28357629529762,
        "std": 46.50370151020292
    },
    "pt_2": {
        "mean": 31.610634213602957,
        "std": 19.175643965575865
    },
    "pt_3": {
        "mean": 45.31407354366761,
        "std": 31.641265236680546
    },
    "njets": {
        "mean": 2.0430185442607436,
        "std": 1.0625623559983985
    },
    "met": {
        "mean": 52.40824329520117,
        "std": 42.98506547248762
    },
    "m_vis": {
        "mean": 61.77333442353408,
        "std": 30.862175420872173
    },
    "Lt": {
        "mean": 146.2082840689136,
        "std": 73.61290524907184
    },
    "pt_W": {
        "mean": 94.82898720746545,
        "std": 70.03852112119297
    },
    "pt_vis": {
        "mean": 51.84536748769935,
        "std": 41.70045468586365
    },
    "m_tt": {
        "mean": 104.39693501670395,
        "std": 52.15707635355105
    }
}