{
    "era_2016preVFP": {
        "mean": 0.14964669112651174,
        "std": 0.3567247663975662
    },
    "era_2016postVFP": {
        "mean": 0.1352425601304525,
        "std": 0.34198247039843055
    },
    "era_2017": {
        "mean": 0.317570322054627,
        "std": 0.46553132290399907
    },
    "era_2018": {
        "mean": 0.3975404266884088,
        "std": 0.4893894521102867
    },
    "pt_3": {
        "mean": 48.803499452347566,
        "std": 35.557904812026464
    },
    "decaymode_3": {
        "mean": 2.910211985324093,
        "std": 4.081075055224241
    },
    "eta_3": {
        "mean": -0.005781154428601248,
        "std": 1.066204165739353
    },
    "phi_3": {
        "mean": -0.019498189375916162,
        "std": 1.8069343864382925
    },
    "deltaR_13": {
        "mean": 2.3151071612604337,
        "std": 0.7972887547802371
    },
    "deltaR_23": {
        "mean": 2.032922427475027,
        "std": 0.8316726035916466
    },
    "pt_1": {
        "mean": 71.1031962724658,
        "std": 50.64953858410365
    },
    "eta_1": {
        "mean": -0.004067585715896979,
        "std": 1.1537823627289574
    },
    "phi_1": {
        "mean": -0.00835013606756792,
        "std": 1.8151825267344595
    },
    "pt_2": {
        "mean": 31.977080644189478,
        "std": 19.68767528562588
    },
    "eta_2": {
        "mean": -0.008389049405182715,
        "std": 1.1786254007453698
    },
    "phi_2": {
        "mean": 0.025175923418558913,
        "std": 1.8140632634067264
    },
    "m_vis": {
        "mean": 62.21543891196998,
        "std": 32.698944825314925
    },
    "Lt": {
        "mean": 151.8837763513782,
        "std": 80.62368865733292
    },
    "met": {
        "mean": 59.0640470202876,
        "std": 48.17584456298149
    },
    "m_tt": {
        "mean": 105.14409159759916,
        "std": 55.261216613306
    },
    "mjj": {
        "mean": 103.72219277134504,
        "std": 179.11795130742476
    },
    "mt_1": {
        "mean": 84.68109007890202,
        "std": 71.50580022394901
    },
    "mt_2": {
        "mean": 42.46026273629309,
        "std": 35.61939789012675
    },
    "mt_3": {
        "mean": 63.05787301465741,
        "std": 56.176575342097195
    },
    "pt_vis": {
        "mean": 56.18844699113245,
        "std": 45.43571765905595
    },
    "pt_W": {
        "mean": 107.05965612326963,
        "std": 81.548948384005
    },
    "metphi": {
        "mean": 0.027505373037592665,
        "std": 1.8249742867610588
    }
}