{
    "era_2016preVFP": {
        "mean": 0.154562632980702,
        "std": 0.3614872410843498
    },
    "era_2016postVFP": {
        "mean": 0.15866922584772872,
        "std": 0.3653673529704196
    },
    "era_2017": {
        "mean": 0.326191432695026,
        "std": 0.4688182824201636
    },
    "era_2018": {
        "mean": 0.36057670847654333,
        "std": 0.48016783084747067
    },
    "eta_1": {
        "mean": -0.001344057075459473,
        "std": 1.1216112401628706
    },
    "eta_2": {
        "mean": 0.001682075442273948,
        "std": 1.1515335448669028
    },
    "eta_3": {
        "mean": -0.0001020547773064741,
        "std": 1.0583866969032516
    },
    "jpt_1": {
        "mean": 95.68762212990916,
        "std": 67.61177543146219
    },
    "jpt_2": {
        "mean": 39.11746179046334,
        "std": 46.3714526970641
    },
    "mt_1": {
        "mean": 81.276205570489,
        "std": 70.46897844766958
    },
    "mt_2": {
        "mean": 34.98089997492618,
        "std": 32.41140942160874
    },
    "mt_3": {
        "mean": 52.396154701179526,
        "std": 45.79160008024269
    },
    "pt_123met": {
        "mean": 68.19596796845846,
        "std": 60.77978943516851
    },
    "deltaR_12": {
        "mean": 2.2861631242767464,
        "std": 0.8292638187930625
    },
    "deltaR_13": {
        "mean": 2.3109955984283337,
        "std": 0.7887518701884622
    },
    "deltaR_23": {
        "mean": 2.1037927090693325,
        "std": 0.7720046472434717
    },
    "pt_1": {
        "mean": 69.17238922467071,
        "std": 46.76529751442671
    },
    "pt_2": {
        "mean": 31.774351229213096,
        "std": 19.418977276128548
    },
    "pt_3": {
        "mean": 45.397364108502764,
        "std": 31.481666481749613
    },
    "njets": {
        "mean": 2.0376735258670715,
        "std": 1.0615469724058386
    },
    "met": {
        "mean": 52.28802060701248,
        "std": 42.26515299249835
    },
    "m_vis": {
        "mean": 62.02146302760299,
        "std": 30.69214855062162
    },
    "Lt": {
        "mean": 146.34410452681306,
        "std": 73.9937658106456
    },
    "pt_W": {
        "mean": 94.64351997284861,
        "std": 69.84409532533212
    },
    "pt_vis": {
        "mean": 51.937042157946095,
        "std": 41.73842143271467
    },
    "m_tt": {
        "mean": 104.81627236269087,
        "std": 51.86973093614011
    }
}