{
    "era_2016preVFP": {
        "mean": 0.1517486981353939,
        "std": 0.35877713242291104
    },
    "era_2016postVFP": {
        "mean": 0.14308079959684192,
        "std": 0.35015522898219054
    },
    "era_2017": {
        "mean": 0.3222308079959684,
        "std": 0.4673308403842334
    },
    "era_2018": {
        "mean": 0.38293969427179575,
        "std": 0.4861037798894587
    },
    "eta_1": {
        "mean": 0.007559857639556386,
        "std": 1.1362270614218706
    },
    "eta_2": {
        "mean": 0.0006944190128240969,
        "std": 1.0272802087709367
    },
    "eta_3": {
        "mean": -0.00010857916787058971,
        "std": 1.0452682436562126
    },
    "jpt_1": {
        "mean": 90.55050030760057,
        "std": 65.61250205002132
    },
    "jpt_2": {
        "mean": 31.816681100469506,
        "std": 44.10015843028489
    },
    "mt_1": {
        "mean": 76.26605528793331,
        "std": 62.21882209086279
    },
    "mt_2": {
        "mean": 62.42350918999255,
        "std": 58.743359653240255
    },
    "mt_3": {
        "mean": 41.40512904816981,
        "std": 35.760067337312286
    },
    "pt_123met": {
        "mean": 60.77223719044281,
        "std": 57.42679790211343
    },
    "deltaR_12": {
        "mean": 2.481975769250909,
        "std": 0.7389440338968523
    },
    "deltaR_13": {
        "mean": 2.2340494113879186,
        "std": 0.7919772989711411
    },
    "deltaR_23": {
        "mean": 2.098693592024915,
        "std": 0.753949107438876
    },
    "pt_1": {
        "mean": 71.21559458674452,
        "std": 47.81487656464975
    },
    "pt_2": {
        "mean": 59.33140626367472,
        "std": 38.33809689964779
    },
    "pt_3": {
        "mean": 32.93033911764131,
        "std": 15.421336206220913
    },
    "njets": {
        "mean": 1.8865781958676298,
        "std": 1.0289328313114272
    },
    "met": {
        "mean": 49.17999117408293,
        "std": 39.866255691271405
    },
    "m_vis": {
        "mean": 72.40189232358928,
        "std": 35.608739360453576
    },
    "Lt": {
        "mean": 163.4773399468628,
        "std": 80.9842008645777
    },
    "pt_W": {
        "mean": 98.91470744115654,
        "std": 72.35172775857941
    },
    "pt_vis": {
        "mean": 60.830423881356886,
        "std": 51.032137991882365
    },
    "m_tt": {
        "mean": 106.43078162047355,
        "std": 52.344846713126735
    }
}