{
    "era_2016preVFP": {
        "mean": 0.15149063549209174,
        "std": 0.3585264604604435
    },
    "era_2016postVFP": {
        "mean": 0.14333292881895285,
        "std": 0.3504120436502345
    },
    "era_2017": {
        "mean": 0.3235710529509324,
        "std": 0.46783846212464975
    },
    "era_2018": {
        "mean": 0.381605382738023,
        "std": 0.4857805210209544
    },
    "eta_1": {
        "mean": -0.0015768200347087945,
        "std": 1.1348401941071227
    },
    "eta_2": {
        "mean": -0.001168554599103473,
        "std": 1.0286707303915072
    },
    "eta_3": {
        "mean": -0.00039946733362017443,
        "std": 1.0467737125846626
    },
    "jpt_1": {
        "mean": 90.46957856155099,
        "std": 66.34555050905848
    },
    "jpt_2": {
        "mean": 31.805568708351878,
        "std": 44.62186971369629
    },
    "mt_1": {
        "mean": 76.1412366972751,
        "std": 62.077610081341874
    },
    "mt_2": {
        "mean": 62.19101656522236,
        "std": 58.768989155466784
    },
    "mt_3": {
        "mean": 41.30576368955681,
        "std": 35.59373882048319
    },
    "pt_123met": {
        "mean": 60.99005459730807,
        "std": 57.75894909497478
    },
    "deltaR_12": {
        "mean": 2.4807573851917417,
        "std": 0.7361264799188731
    },
    "deltaR_13": {
        "mean": 2.233491742289693,
        "std": 0.7933346303031674
    },
    "deltaR_23": {
        "mean": 2.097680354821824,
        "std": 0.7520682287145826
    },
    "pt_1": {
        "mean": 71.1910807187636,
        "std": 48.37114958918133
    },
    "pt_2": {
        "mean": 59.28706020253997,
        "std": 38.34529607208278
    },
    "pt_3": {
        "mean": 32.78940352965601,
        "std": 14.956975248671
    },
    "njets": {
        "mean": 1.8850033035341074,
        "std": 1.0316365509212782
    },
    "met": {
        "mean": 49.04858124232666,
        "std": 39.391870823841785
    },
    "m_vis": {
        "mean": 72.13592286987755,
        "std": 34.10081538246845
    },
    "Lt": {
        "mean": 163.26754448094715,
        "std": 81.08216795554304
    },
    "pt_W": {
        "mean": 98.77845556738606,
        "std": 72.5538993652854
    },
    "pt_vis": {
        "mean": 60.83131816483051,
        "std": 51.10672418591317
    },
    "m_tt": {
        "mean": 106.0398065214084,
        "std": 50.128198435959234
    }
}