{
    "era_2016preVFP": {
        "mean": 0.14507326333274012,
        "std": 0.3521746890375991
    },
    "era_2016postVFP": {
        "mean": 0.1221747641929169,
        "std": 0.3274875435605483
    },
    "era_2017": {
        "mean": 0.3221213739099484,
        "std": 0.4672891977997303
    },
    "era_2018": {
        "mean": 0.4106305985643946,
        "std": 0.49194827989031703
    },
    "pt_3": {
        "mean": 33.842687183635164,
        "std": 16.663756531926435
    },
    "decaymode_3": {
        "mean": 2.6770184493088927,
        "std": 3.9371058472975404
    },
    "eta_3": {
        "mean": -0.004423356580421414,
        "std": 1.0608618498287345
    },
    "phi_3": {
        "mean": -0.02635927541332163,
        "std": 1.8132980094167477
    },
    "deltaR_13": {
        "mean": 2.2228206241729986,
        "std": 0.8072187442805276
    },
    "deltaR_23": {
        "mean": 2.1090557444424096,
        "std": 0.7747080335855128
    },
    "pt_1": {
        "mean": 64.24643219038495,
        "std": 45.46073305930608
    },
    "eta_1": {
        "mean": 0.0046985069702067195,
        "std": 1.1634854826237686
    },
    "phi_1": {
        "mean": -0.008214689409021618,
        "std": 1.8207242671474237
    },
    "pt_2": {
        "mean": 61.7568403668779,
        "std": 40.67088469263047
    },
    "eta_2": {
        "mean": -0.008018007818146494,
        "std": 1.0390488222225676
    },
    "phi_2": {
        "mean": -0.012993591610458727,
        "std": 1.8042795683331518
    },
    "m_vis": {
        "mean": 76.2076801721924,
        "std": 39.75790504473902
    },
    "Lt": {
        "mean": 159.84595974830927,
        "std": 80.88249966867625
    },
    "met": {
        "mean": 54.87112367188173,
        "std": 42.683925881007795
    },
    "m_tt": {
        "mean": 112.02528973797388,
        "std": 58.44412013137921
    },
    "mjj": {
        "mean": 91.73711974834247,
        "std": 173.85029604571326
    },
    "mt_1": {
        "mean": 70.19235315509574,
        "std": 55.277195182568185
    },
    "mt_2": {
        "mean": 75.56210594967128,
        "std": 67.33838739539179
    },
    "mt_3": {
        "mean": 48.47030630700331,
        "std": 40.2835525026388
    },
    "pt_vis": {
        "mean": 63.33165679557253,
        "std": 52.77072616264512
    },
    "pt_W": {
        "mean": 103.38538140901387,
        "std": 79.05108290318127
    },
    "metphi": {
        "mean": 0.02796662900970679,
        "std": 1.8208505103497918
    },
    "pt_123met": {
        "mean": 60.03013704823501,
        "std": 63.17497969644454
    }
}