{
    "era_2016preVFP": {
        "mean": 0.14387351778656127,
        "std": 0.3509614347279218
    },
    "era_2016postVFP": {
        "mean": 0.12417033335819226,
        "std": 0.3297757748408874
    },
    "era_2017": {
        "mean": 0.3233947348795585,
        "std": 0.46777193196229566
    },
    "era_2018": {
        "mean": 0.40856141397568796,
        "std": 0.4915678844125952
    },
    "pt_3": {
        "mean": 33.721228449096955,
        "std": 16.171143181153223
    },
    "decaymode_3": {
        "mean": 2.682601237974495,
        "std": 3.93573127573921
    },
    "eta_3": {
        "mean": 0.002095221688247063,
        "std": 1.0580773330981248
    },
    "phi_3": {
        "mean": -0.012308867184145355,
        "std": 1.808214685223738
    },
    "deltaR_13": {
        "mean": 2.223004993866804,
        "std": 0.8043658832479315
    },
    "deltaR_23": {
        "mean": 2.098675239997401,
        "std": 0.7778525188152787
    },
    "pt_1": {
        "mean": 64.59605960443398,
        "std": 46.26474060734602
    },
    "eta_1": {
        "mean": 0.0012346261224207777,
        "std": 1.1641450400623454
    },
    "phi_1": {
        "mean": -0.006207366040226099,
        "std": 1.821555388151227
    },
    "pt_2": {
        "mean": 62.05027523753414,
        "std": 41.0869363114075
    },
    "eta_2": {
        "mean": 0.004133859336864042,
        "std": 1.0434146931248545
    },
    "phi_2": {
        "mean": -0.020924620109744517,
        "std": 1.8060056003498985
    },
    "m_vis": {
        "mean": 75.84370988233749,
        "std": 39.072012168587335
    },
    "Lt": {
        "mean": 160.36756334324014,
        "std": 81.93164222201828
    },
    "met": {
        "mean": 54.96701808367329,
        "std": 42.933585625844906
    },
    "m_tt": {
        "mean": 111.49025342057807,
        "std": 57.43585778515777
    },
    "mjj": {
        "mean": 91.66266546452087,
        "std": 170.59974775259272
    },
    "mt_1": {
        "mean": 70.1867411005508,
        "std": 55.42554673225238
    },
    "mt_2": {
        "mean": 75.45677012033623,
        "std": 68.1597112967828
    },
    "mt_3": {
        "mean": 48.46754759937662,
        "std": 40.264489480322716
    },
    "pt_vis": {
        "mean": 64.00868489287076,
        "std": 53.39839370780594
    },
    "pt_W": {
        "mean": 104.03994052733975,
        "std": 80.21290380880086
    },
    "metphi": {
        "mean": 0.016783417358461235,
        "std": 1.8154960841571521
    },
    "pt_123met": {
        "mean": 60.75791740265524,
        "std": 64.13498952549728
    }
}